	city	Temperature (F)	Latitude	Longitude	Country	Humidity	Cloudiness	Wind_Speed	Max_Temp
0	Liwale	68.9	-9.8	37.92	TZ	73	0	4.61	68.9
1	Warkworth	50.0	-36.4	174.66	NZ	93	0	3.36	50.0
2	Ngerengere	74.75	-6.76	38.13	TZ	84	68	3.6	74.75
3	Kadungora	65.3	-7.09	107.89	ID	98	80	1.25	65.3
4	Conchas	60.62	-23.02	-48.01	BR	60	8	5.39	60.62
5	Capitan Bado	72.77	-23.27	-55.53	PY	63	68	4.94	72.77
6	Jardim	80.87	-21.48	-56.15	BR	48	88	11.21	80.87
7	Breyten	47.93	-26.3	29.99	ZA	97	36	11.77	47.93
8	Tupancireta	62.6	-29.08	-53.84	BR	98	92	1.25	62.6
9	Solwezi	52.88	-12.18	26.4	ZM	80	0	3.94	52.88
10	Tome	66.92	38.69	141.2	JP	60	75	9.17	68.0
11	Manaus	80.6	-3.13	-59.98	BR	83	20	2.24	80.6
12	Biloela	54.5	-24.4	150.51	AU	57	0	11.99	54.5
13	Laela	49.73	-8.57	32.05	TZ	73	0	4.05	49.73
14	Ushuaia	42.8	-54.81	-68.31	AR	70	20	32.21	42.8
15	La Plata	51.8	-34.92	-57.95	AR	93	90	9.17	51.8
16	Santo Augusto	69.89	-27.85	-53.78	BR	71	92	5.17	69.89
17	Namatanai	81.23	-3.66	152.44	PG	100	64	4.94	81.23
18	Wanganui	50.63	-39.93	175.05	NZ	100	0	6.06	50.63
19	Chingola	52.34	-12.55	27.86	ZM	82	0	3.04	52.34
20	Kokoda	65.57	-8.88	147.74	PG	95	80	2.04	65.57
21	Deneysville	49.73	-26.89	28.1	ZA	100	68	10.2	49.73
22	Kaitangata	40.91	-46.28	169.85	NZ	75	0	4.38	40.91
23	Kruisfontein	60.98	-34.0	24.73	ZA	72	0	14.0	60.98
24	Porciuncula	55.22	-20.96	-42.04	BR	88	8	2.26	55.22
25	Lae	68.63	-6.72	146.98	PG	100	92	2.15	68.63
26	Magomeni	74.57	-6.8	39.25	TZ	94	75	5.82	75.2
27	Ruteng	73.22	-8.61	120.46	ID	91	12	3.83	73.22
28	Bela Vista de Goias	69.8	-16.97	-48.95	BR	68	0	2.24	69.8
29	Curaca	78.17	-8.99	-39.91	BR	61	88	14.45	78.17
30	Naberera	62.24	-4.2	36.93	TZ	97	68	3.94	62.24
31	Sorong	76.73	-0.86	131.25	ID	100	92	1.48	76.73
32	Uyuni	32.63	-20.46	-66.82	BO	25	0	7.96	32.63
33	La Peca	70.7	-5.61	-78.44	PE	78	0	2.26	70.7
34	Torata	31.28	-17.08	-70.84	PE	40	0	1.92	31.28
35	Benalla	39.2	-36.55	145.99	AU	86	0	1.12	39.2
36	Grootfontein	50.72	-19.56	18.1	NA	63	0	6.51	50.72
37	Villa Carlos Paz	44.6	-31.42	-64.5	AR	87	90	11.41	44.6
38	Rosario	52.16	-34.31	-57.35	UY	95	92	14.56	52.16
39	Quatre Cocos	71.6	-20.21	57.76	MU	68	40	4.7	71.6
40	Caceres	70.52	5.53	-74.53	CO	91	24	0.36	70.52
41	Gamba	30.29	28.28	88.52	CN	92	76	2.71	30.29
42	Te Anau	39.65	-45.41	167.72	NZ	92	0	2.93	39.65
43	Ambilobe	65.57	-13.19	49.05	MG	84	12	4.61	65.57
44	Gizo	71.6	31.8	34.94	IL	78	40	3.36	71.6
45	Karibib	46.58	-21.94	15.86	NA	80	0	2.37	46.58
46	Ambulu	73.67	-8.35	113.61	ID	100	24	4.16	73.67
47	Lazaro Cardenas	102.2	28.39	-105.62	MX	9	20	6.93	102.2
48	Inongo	73.58	-1.93	18.29	CD	96	8	2.04	73.58
49	Formosa	64.4	-26.19	-58.17	AR	100	90	11.41	64.4
50	Moindou	77.0	-21.69	165.68	NC	53	40	2.24	77.0
51	Sao Joao do Paraiso	67.1	-15.31	-42.01	BR	71	8	7.74	67.1
52	Namwala	51.17	-15.75	26.45	ZM	85	0	2.93	51.17
53	Abancay	36.5	-13.64	-72.88	PE	43	0	1.59	36.5
54	Nyamuswa	61.43	-1.9	34.02	TZ	100	36	2.37	61.43
55	Aguas Formosas	63.5	-17.08	-40.94	BR	93	12	4.83	63.5
56	Iquitos	80.6	-3.75	-73.25	PE	83	40	2.24	80.6
57	Namanyere	50.45	-7.51	31.05	TZ	79	0	2.37	50.45
58	Madimba	78.8	4.42	9.93	CM	94	75	2.24	78.8
59	Rurrenabaque	79.77	-14.44	-67.53	BO	94	40	1.25	80.6
60	Horqueta	68.18	-23.34	-57.05	PY	100	92	4.38	68.18
61	Teno	41.0	-34.87	-71.16	CL	80	90	2.24	41.0
62	Sao Geraldo do Araguaia	76.82	-6.4	-48.55	BR	68	8	3.27	76.82
63	Matara	37.67	-13.74	-72.9	PE	46	0	1.92	37.67
64	Areia Branca	80.6	-10.76	-37.31	BR	69	40	12.75	80.6
65	Palmeirais	76.46	-5.97	-43.06	BR	75	44	2.71	76.46
66	Katobu	80.42	-4.94	122.53	ID	98	68	4.16	80.42
67	Perth	51.8	56.4	-3.43	GB	100	20	3.36	51.8
68	Biak	75.11	-0.91	122.88	ID	100	88	4.94	75.11
69	Ngorongoro	50.45	-3.24	35.49	TZ	92	12	2.37	50.45
70	Llaillay	50.0	-32.84	-70.95	CL	66	0	0.92	50.0
71	Baiao	79.88	-2.79	-49.67	BR	64	32	4.16	79.88
72	Rio Cuarto	42.62	-33.13	-64.35	AR	97	92	11.77	42.62
73	Sombrio	64.76	-29.11	-49.63	BR	96	8	5.61	64.76
74	Hennenman	46.31	-27.97	27.03	ZA	100	76	9.08	46.31
75	Arraial do Cabo	71.33	-22.97	-42.02	BR	96	0	16.91	71.33
76	Natalio	66.02	-26.76	-55.14	PY	100	100	2.15	66.02
77	Florida	80.6	21.53	-78.23	CU	74	75	13.87	80.6
78	Chama	63.86	-11.22	33.16	ZM	57	0	9.53	63.86
79	Aracaju	80.6	-10.92	-37.08	BR	69	40	12.75	80.6
80	Port Macquarie	53.6	-31.43	152.91	AU	81	75	14.99	53.6
81	Ilo	57.38	-17.65	-71.34	PE	100	80	2.93	57.38
82	Barra do Bugres	72.77	-15.07	-57.19	BR	86	20	4.5	72.77
83	Dunda	52.07	30.62	78.32	IN	76	24	1.59	52.07
84	Coracora	30.56	-15.02	-73.78	PE	42	0	2.93	30.56
85	Porto de Moz	79.7	-1.75	-52.24	BR	84	36	3.71	79.7
86	Deniliquin	46.58	-35.53	144.96	AU	79	0	5.73	46.58
87	Sao Marcos	58.64	-28.97	-51.07	BR	84	32	5.28	58.64
88	Cangucu	62.15	-31.39	-52.68	BR	99	92	7.96	62.15
89	Teresina	82.4	-5.09	-42.81	BR	65	0	7.18	82.4
90	Kerikeri	60.08	-35.23	173.95	NZ	73	64	13.89	60.08
91	Santa Lucia	68.0	39.93	9.66	IT	88	0	6.93	68.0
92	Sao Francisco	68.9	-25.65	-53.85	BR	94	90	5.82	69.8
93	Bondowoso	73.13	-7.91	113.82	ID	84	0	4.38	73.13
94	San Pedro de Ycuamandiyu	67.73	-24.09	-57.08	PY	100	92	5.95	67.73
95	Caconda	51.98	-13.73	15.06	AO	72	0	2.15	51.98
96	Guanhaes	53.78	-18.77	-42.93	BR	86	68	2.26	53.78
97	Tsabong	37.58	-26.02	22.4	BW	69	0	2.93	37.58
98	Djambala	69.71	-2.55	14.76	CG	93	0	2.82	69.71
99	Laguna	102.2	27.52	-110.01	MX	7	20	13.87	102.2
100	Laje	67.73	-13.18	-39.42	BR	98	92	5.95	67.73
101	Gambiran	69.17	-7.93	111.77	ID	95	20	3.15	69.17
102	Canavieiras	76.46	-15.68	-38.95	BR	77	92	6.17	76.46
103	Kindu	73.85	-2.95	25.92	CD	81	8	2.93	73.85
104	Chiredzi	58.55	-21.05	31.67	ZW	81	0	2.71	58.55
105	Bambanglipuro	67.82	-7.95	110.28	ID	94	0	2.37	67.82
106	Monteagudo	64.4	-19.8	-63.96	BO	93	90	5.82	64.4
107	Voh	73.4	-20.95	164.69	NC	100	0	5.95	73.4
108	Masvingo	50.63	-20.08	30.83	ZW	79	0	2.82	50.63
109	Sesheke	54.95	-17.47	24.29	NA	67	0	2.59	54.95
110	Lithgow	55.4	-33.48	150.16	AU	58	75	13.87	55.4
111	Zarate	64.4	-13.68	-76.08	PE	88	20	10.29	64.4
112	Ayaviri	27.68	-14.88	-70.59	PE	35	0	1.36	27.68
113	Alenquer	78.8	-1.95	-54.74	BR	88	0	3.36	78.8
114	Ambunti	75.38	-4.22	142.82	PG	100	92	2.71	75.38
115	Morondava	65.39	-20.3	44.28	MG	100	0	1.59	65.39
116	Mahenge	66.38	-8.68	36.72	TZ	87	24	1.81	66.38
117	Ladario	49.1	40.7	-7.74	PT	98	68	2.59	49.1
118	Westport	58.01	53.8	-9.52	IE	91	12	3.15	58.01
119	Whyalla	41.0	-33.04	137.58	AU	93	76	3.36	41.0
120	Cairns	75.2	-16.92	145.77	AU	53	20	14.99	75.2
121	Axim	80.6	4.87	-2.24	GH	100	12	7.74	80.6
122	Upington	41.0	-28.46	21.24	ZA	66	0	3.36	41.0
123	Lagunas	78.35	-5.23	-75.68	PE	89	8	2.37	78.35
124	Morro da Fumaca	68.45	-28.65	-49.21	BR	85	8	10.09	68.45
125	Juquitiba	68.05	-23.93	-47.07	BR	77	0	6.93	69.8
126	Diamantina	55.04	-18.24	-43.6	BR	94	12	4.5	55.04
127	Oxapampa	52.97	-10.58	-75.4	PE	100	92	0.47	52.97
128	Mahalapye	58.73	-23.11	26.83	BW	68	0	3.38	58.73
129	Antsohihy	67.1	-14.88	47.99	MG	81	0	5.39	67.1
130	Capao Bonito	52.97	-24.01	-48.35	BR	80	8	2.59	52.97
131	Thyolo	49.46	-16.07	35.15	MW	84	0	2.48	49.46
132	Armidale	48.47	-30.51	151.67	AU	79	0	8.63	48.47
133	Francistown	55.94	-21.17	27.5	BW	66	0	2.71	55.94
134	Mala	62.6	-12.66	-76.63	PE	100	48	7.74	62.6
135	Mariental	67.1	52.28	10.99	DE	74	0	4.16	67.1
136	Utinga	77.0	-5.82	-35.4	BR	83	75	5.82	77.0
137	Mulchen	35.96	-37.72	-72.23	CL	57	0	5.61	35.96
138	Mahajanga	75.2	-15.72	46.32	MG	83	0	2.24	75.2
139	Ortigueira	55.4	43.68	-7.85	ES	82	88	6.93	55.4
140	San Lazaro	85.1	18.04	-88.66	BZ	70	75	11.41	86.0
141	Guanambi	69.08	-14.22	-42.78	BR	66	0	10.54	69.08
142	Cobija	84.2	-11.02	-68.77	BR	74	20	2.59	84.2
143	Santiago de Cao	64.4	-7.96	-79.24	PE	88	90	8.05	64.4
144	Oeiras do Para	80.51	-2.0	-49.85	BR	81	24	7.63	80.51
145	Neuquen	42.8	-38.95	-68.06	AR	70	0	5.82	42.8
146	Chitipa	56.48	-9.7	33.27	MW	84	0	6.62	56.48
147	Oruro	36.86	-17.97	-67.11	BO	82	0	4.72	36.86
148	Uba	68.09	10.45	13.22	NG	70	8	2.04	68.09
149	Opuwo	51.8	-18.06	13.84	NA	66	0	4.5	51.8
150	Urucui	78.8	-7.23	-44.56	BR	50	24	6.96	78.8
151	Tobias Barreto	73.4	-11.19	-38.0	BR	80	88	7.74	73.4
152	Yauya	46.13	-8.99	-77.29	PE	87	76	1.14	46.13
153	Graneros	30.83	-34.06	-70.73	CL	97	0	0.58	30.83
154	Pitimbu	75.2	-7.47	-34.81	BR	83	0	5.82	75.2
155	Richards Bay	62.24	-28.77	32.06	ZA	84	0	6.4	62.24
156	Sola	41.0	62.78	29.36	FI	80	0	2.24	41.0
157	Bahia Blanca	44.69	-38.72	-62.27	AR	100	0	6.06	44.69
158	Santa Helena de Goias	66.02	-17.81	-50.6	BR	70	0	2.71	66.02
159	Ananas	68.72	19.25	-71.96	HT	100	68	2.26	68.72
160	Pontal do Parana	57.2	-25.67	-48.51	BR	82	20	4.7	57.2
161	Mugumu	57.2	-1.84	34.67	TZ	93	12	1.59	57.2
162	Butia	64.4	-21.88	-47.57	BR	59	0	2.24	64.4
163	Beloha	61.52	-25.17	45.06	MG	91	0	6.85	61.52
164	Trairi	81.68	-3.28	-39.27	BR	100	12	20.38	81.68
165	Jatai	82.22	28.97	76.18	IN	54	0	9.64	82.22
166	Saint-Philippe	77.86	45.36	-73.48	CA	65	75	10.29	78.8
167	Talcahuano	48.2	-36.72	-73.12	CL	76	0	8.05	48.2
168	Sinazongwe	62.51	-17.26	27.46	ZM	88	0	0.13	62.51
169	Cerro Largo	64.31	-28.15	-54.74	BR	100	92	4.16	64.31
170	Springbok	39.65	-29.67	17.88	ZA	91	12	9.64	39.65
171	Rio Gallegos	39.2	-51.62	-69.22	AR	69	0	19.46	39.2
172	Nhamunda	79.7	-2.19	-56.71	BR	81	0	2.82	79.7
173	Buritis	65.12	-15.62	-46.42	BR	57	8	6.29	65.12
174	Loandjili	77.0	-4.77	11.87	CG	88	75	6.93	77.0
175	Nelson Bay	57.2	-32.72	152.14	AU	67	20	18.34	57.2
176	Sao Paulo de Olivenca	81.32	-3.38	-68.87	BR	75	36	4.16	81.32
177	Manokwari	80.69	-0.87	134.08	ID	100	48	2.93	80.69
178	Muncar	76.82	-8.43	114.34	ID	92	88	3.6	76.82
179	Launceston	37.4	-41.43	147.14	AU	86	0	5.82	37.4
180	Picota	84.2	-6.92	-76.33	PE	70	20	4.7	84.2
181	Monze	50.99	-16.28	27.48	ZM	69	0	3.83	50.99
182	Kasongo-Lunda	69.17	-6.48	16.82	CD	90	0	2.37	69.17
183	Moba	64.85	-7.04	29.77	CD	91	0	3.38	64.85
184	Monte Alegre	81.68	-2.0	-54.07	BR	68	68	3.94	81.68
185	Kununurra	71.6	-15.77	128.74	AU	35	0	6.93	71.6
186	San Alberto	66.2	-24.98	-54.91	PY	100	90	4.7	66.2
187	Eucaliptus	32.27	-17.6	-67.51	BO	40	0	6.96	32.27
188	Tolaga Bay	55.31	-38.37	178.3	NZ	76	0	4.38	55.31
189	Mangochi	56.12	-14.48	35.26	MW	98	0	3.6	56.12
190	Boca do Acre	76.73	-8.76	-67.39	BR	92	24	1.7	76.73
191	Rio Tercero	42.17	-32.17	-64.11	AR	99	92	13.33	42.17
192	Port Lincoln	55.76	-34.72	135.86	AU	96	68	14.45	55.76
193	Buseresere	71.6	-3.01	31.92	TZ	54	56	7.29	71.6
194	Narrabri	49.73	-30.33	149.78	AU	56	0	6.17	49.73
195	Aurora	85.64	41.76	-88.32	US	52	40	5.82	87.8
196	Coremas	78.98	-7.02	-37.95	BR	59	92	10.76	78.98
197	Bocaiuva	64.4	-17.12	-43.81	BR	63	0	5.17	64.4
198	Irece	67.28	-11.3	-41.86	BR	82	0	9.31	67.28
199	Lumajang	73.67	-8.14	113.22	ID	100	24	4.16	73.67
200	Nkayi	73.4	-4.18	13.29	CG	97	24	2.71	73.4
201	Arraias	70.97	-12.93	-46.94	BR	53	36	7.29	70.97
202	Posse	72.05	-14.08	-46.36	BR	47	68	8.97	72.05
203	Buala	85.28	-8.15	159.59	SB	83	44	4.61	85.28
204	Kilosa	66.47	-6.84	36.99	TZ	85	8	0.92	66.47
205	Grand Gaube	71.6	-20.01	57.66	MU	68	40	4.7	71.6
206	Grand Baie	71.6	-20.02	57.58	MU	68	40	4.7	71.6
207	Vera Cruz	62.33	-22.22	-49.82	BR	60	0	5.95	62.33
208	Punta Alta	66.2	-27.46	-55.82	AR	93	90	6.93	66.2
209	Trenggalek	69.17	-8.05	111.71	ID	95	20	3.15	69.17
210	Alvinopolis	52.52	-20.11	-43.05	BR	90	0	3.6	52.52
211	Waitati	37.22	-45.75	170.57	NZ	81	0	4.05	37.22
212	Barreirinha	78.44	-2.8	-57.07	BR	92	0	1.7	78.44
213	Gamboma	71.6	-1.87	15.88	CG	93	0	2.93	71.6
214	Tamandare	79.43	-8.28	-70.75	BR	88	56	0.47	79.43
215	Manacapuru	79.07	-3.3	-60.62	BR	90	12	1.7	79.07
216	Jacareacanga	78.44	-6.22	-57.76	BR	88	8	2.04	78.44
217	Salamanca	53.33	40.97	-5.66	ES	80	56	4.83	53.33
218	Bukama	67.01	-9.2	25.85	CD	64	0	4.16	67.01
219	Gandajika	75.11	-6.75	23.95	CD	54	48	7.63	75.11
220	Devonport	41.63	-41.18	146.36	AU	86	0	2.93	41.63
221	Antsirabe	38.48	-19.87	47.03	MG	80	8	2.71	38.48
222	Newcastle	51.35	-27.76	29.92	ZA	79	0	12.1	51.35
223	Mozarlandia	72.14	-14.74	-50.57	BR	57	8	5.95	72.14
224	Vryburg	34.25	-26.96	24.73	ZA	45	0	5.95	34.25
225	Gwanda	64.58	-20.94	29.0	ZW	59	88	2.15	64.58
226	Gunnedah	44.6	-30.98	150.25	AU	65	40	5.82	44.6
227	Salgueiro	75.92	-8.07	-39.12	BR	60	56	12.33	75.92
228	Ayolas	65.39	-27.39	-56.84	PY	99	92	0.69	65.39
229	Antofagasta	59.0	-23.65	-70.4	CL	72	75	10.29	59.0
230	Tacuarembo	54.95	-31.73	-55.98	UY	99	92	16.24	54.95
231	Bella Union	75.47	8.5	-73.35	CO	63	0	3.38	75.47
232	kimparana	78.53	12.83	-4.92	ML	76	0	3.38	78.53
233	Vesele	70.25	47.02	34.92	UA	34	0	13.0	70.25
234	Temascalcingo	79.43	19.92	-100.0	MX	15	0	9.31	79.43
235	Randazzo	70.7	37.88	14.95	IT	88	0	8.05	73.4
236	Pitiquito	93.65	30.68	-112.05	MX	11	0	11.32	93.65
237	Port Hawkesbury	57.2	45.62	-61.36	CA	47	1	5.82	57.2
238	Cienaga	87.15	11.01	-74.25	CO	56	20	13.87	93.2
239	Krasnozerskoye	58.55	53.98	79.24	RU	60	36	16.02	58.55
240	Macrohon	83.39	10.08	124.94	PH	91	76	4.27	83.39
241	Valdez	55.4	61.13	-146.35	US	50	40	11.41	55.4
242	Nador	64.17	35.17	-2.93	MA	88	0	2.24	66.2
243	Kavos	59.0	38.83	22.83	GR	77	0	5.82	59.0
244	Ayorou	88.88	14.73	0.92	NE	39	0	10.76	88.88
245	Jawa	75.92	12.81	11.04	NG	60	8	1.03	75.92
246	Nadadores	102.29	27.03	-101.59	MX	19	0	10.98	102.29
247	Locri	71.6	38.24	16.26	IT	73	0	2.24	71.6
248	Bozhou	74.93	33.86	115.78	CN	76	0	5.84	74.93
249	Zhengjiatun	75.83	43.51	123.51	CN	55	0	7.85	75.83
250	West Odessa	107.1	31.84	-102.48	US	18	0	5.82	111.2
251	Bandarbeyla	78.71	9.49	50.81	SO	86	64	23.06	78.71
252	Chor	85.55	25.52	69.77	PK	62	0	12.44	85.55
253	Fort Smith	87.8	35.39	-94.42	US	58	40	9.31	89.6
254	San Onofre	82.85	9.74	-75.52	CO	87	8	6.73	82.85
255	Russkiy	55.13	44.21	40.02	RU	83	0	2.82	55.13
256	Camalu	70.34	30.85	-116.07	MX	54	0	10.65	70.34
257	Mountain Home	67.44	43.13	-115.69	US	40	75	18.34	71.6
258	Jaruco	79.63	23.04	-82.01	CU	78	75	8.05	80.6
259	Liuhe	68.45	42.28	125.73	CN	82	0	3.27	68.45
260	Yook	82.85	13.23	121.96	PH	100	44	5.61	82.85
261	Przasnysz	68.36	53.02	20.88	PL	42	0	9.64	68.36
262	Nueva Italia de Ruiz	82.4	19.02	-102.1	MX	51	5	9.17	82.4
263	Mahasamund	80.87	21.11	82.1	IN	66	0	5.39	80.87
264	Tra Vinh	77.9	9.93	106.35	VN	100	88	3.71	77.9
265	Harer	67.55	42.19	-111.17	US	26	36	13.44	67.55
266	Bowmore	80.8	34.94	-79.3	US	83	1	3.36	82.4
267	Redwater	55.4	53.95	-113.11	CA	58	90	9.17	55.4
268	Franklin	84.65	35.93	-86.87	US	74	1	3.36	86.0
269	Portlethen	53.6	57.05	-2.13	GB	100	24	4.7	53.6
270	Salinopolis	80.6	-0.61	-47.36	BR	100	20	11.43	80.6
271	Tamiahua	85.55	21.28	-97.45	MX	84	0	12.66	85.55
272	Eregli	54.05	37.51	34.05	TR	100	92	3.27	54.05
273	Kita	70.97	35.76	139.74	JP	56	40	13.87	71.6
274	Zavodouspenskoye	37.4	56.86	65.02	RU	74	0	8.95	37.4
275	Devils Lake	77.86	48.11	-98.87	US	47	1	6.93	78.8
276	Pyay	75.02	18.82	95.22	MM	98	92	2.82	75.02
277	Gallipoli	70.45	40.06	18.0	IT	94	0	2.24	73.4
278	Gibara	82.4	21.11	-76.13	CU	69	75	11.41	82.4
279	Pyinmana	73.85	19.74	96.21	MM	96	64	3.15	73.85
280	Mae Hong Son	70.97	19.3	97.96	MM	97	88	2.59	70.97
281	Porto-Vecchio	60.87	41.59	9.28	FR	93	8	2.24	66.2
282	Ejura	77.36	7.38	-1.37	GH	84	8	6.85	77.36
283	Cedar City	78.8	37.68	-113.06	US	13	1	26.4	78.8
284	Fairhope	83.43	30.52	-87.9	US	83	75	11.41	84.2
285	Lingyuan	73.49	41.24	119.4	CN	62	0	4.72	73.49
286	Lincoln	56.98	53.23	-0.54	GB	93	64	6.93	59.0
287	Finnsnes	49.68	69.23	17.98	NO	46	44	4.7	53.6
288	Pontivy	59.0	48.06	-2.97	FR	93	90	9.17	59.0
289	Kannauj	81.23	27.05	79.92	IN	63	0	8.19	81.23
290	Kolokani	79.97	13.58	-8.03	ML	69	56	7.74	79.97
291	Konstantinovka	68.18	47.99	28.86	MD	34	0	11.54	68.18
292	Ivnya	46.4	51.06	36.14	RU	61	0	6.71	46.4
293	Gueret	57.2	46.17	1.87	FR	100	90	2.24	57.2
294	Tayoltita	89.42	24.11	-105.93	MX	41	56	2.15	89.42
295	Bonga	59.45	7.26	36.25	ET	100	56	1.92	59.45
296	Decatur	71.71	35.51	-84.79	US	88	75	8.05	80.6
297	Quetta	53.24	30.19	67.02	PK	46	0	2.71	53.24
298	Purgstall	61.88	48.06	15.14	AT	88	24	1.92	61.88
299	Havelock	78.55	34.88	-76.9	US	100	20	11.41	82.4
300	Ubinskoye	56.39	55.31	79.68	RU	78	56	15.01	56.39
301	Ust-Ilimsk	60.26	57.96	102.73	RU	71	68	8.63	60.26
302	Ilanskiy	50.0	56.24	96.06	RU	72	0	18.25	50.0
303	Nehe	78.8	48.48	124.88	CN	51	8	12.21	78.8
304	Buribay	41.18	51.96	58.16	RU	93	80	2.93	41.18
305	Urdoma	35.51	61.74	48.55	RU	55	36	10.87	35.51
306	Valer	51.53	41.76	-6.18	ES	70	20	6.96	51.53
307	Ulcinj	67.82	41.93	19.22	ME	64	20	3.36	71.6
308	Tashla	35.6	53.71	49.75	RU	80	0	8.95	35.6
309	Wenatchee	64.96	47.42	-120.31	US	34	40	20.8	66.2
310	Wladyslawowo	59.0	54.79	18.4	PL	87	0	4.7	59.0
311	Okmulgee	86.95	35.62	-95.96	US	70	40	8.05	89.6
312	Koupela	81.5	12.18	-0.35	BF	81	32	2.59	81.5
313	Pak Phanang	75.2	8.35	100.2	TH	94	40	1.12	75.2
314	Vasilsursk	37.85	56.13	46.01	RU	57	24	7.74	37.85
315	Ximei	78.8	23.74	120.51	TW	94	75	10.29	78.8
316	Cap-aux-Meules	50.0	47.38	-61.86	CA	71	75	11.41	50.0
317	Linkuva	51.8	56.09	23.97	LT	76	0	2.24	51.8
318	Nagpur	80.6	21.15	79.08	IN	78	40	2.24	80.6
319	Amudat	62.06	1.95	34.95	UG	99	76	2.71	62.06
320	Galyugayevskaya	64.31	43.7	44.93	RU	79	56	10.54	64.31
321	Sangmelima	69.53	2.93	11.98	CM	98	88	2.37	69.53
322	Manitowoc	83.05	44.09	-87.66	US	51	20	12.75	84.2
323	Frederiksvaerk	58.41	55.97	12.02	DK	71	0	6.93	59.0
324	Emilio Carranza	81.77	19.97	-96.61	MX	81	24	4.16	81.77
325	Ust-Kan	39.74	50.93	84.77	RU	50	0	2.71	39.74
326	La Tuque	76.19	47.44	-72.79	CA	48	0	10.09	76.19
327	Ordu	56.21	40.98	37.88	TR	99	92	1.92	56.21
328	Betong	75.65	5.77	101.07	MY	93	36	2.82	75.65
329	Zhaotong	53.69	27.34	103.71	CN	100	92	3.04	53.69
330	Provost	58.64	52.35	-110.26	CA	61	92	7.4	58.64
331	Ha Giang	70.07	22.83	104.99	VN	98	92	1.36	70.07
332	Vicente Guerrero	86.0	16.93	-96.7	MX	27	75	8.05	86.0
333	Preeceville	51.62	51.95	-102.67	CA	86	92	10.54	51.62
334	Alcudia	66.2	39.85	3.12	ES	88	40	1.12	66.2
335	Plotnikovo	51.8	55.04	83.4	RU	71	0	8.95	51.8
336	Bulaevo	51.62	54.91	70.44	KZ	95	92	9.08	51.62
337	Jonesboro	90.03	35.84	-90.7	US	55	40	17.22	91.4
338	Milos	68.0	36.75	24.43	GR	68	0	14.99	68.0
339	Bushehr	77.45	28.97	50.84	IR	82	0	4.16	77.45
340	Mazamitla	89.6	19.92	-103.02	MX	20	8	1.7	89.6
341	Lalmohan	81.23	22.34	90.74	BD	96	80	9.42	81.23
342	Yashkul	69.8	46.17	45.34	RU	32	88	13.89	69.8
343	Lappeenranta	44.6	61.06	28.19	FI	93	0	4.7	44.6
344	Iraray	74.66	8.99	118.05	PH	100	92	3.49	74.66
345	Nalut	71.15	31.86	10.98	LY	60	8	5.95	71.15
346	Galbshtadt	57.38	53.23	78.98	RU	58	32	14.67	57.38
347	Ulu-Telyak	32.36	54.91	56.98	RU	74	20	2.93	32.36
348	Spearfish	80.6	44.49	-103.86	US	47	1	8.05	80.6
349	Weinan	69.8	34.5	109.46	CN	49	0	11.18	69.8
350	Viseu	55.4	40.66	-7.91	PT	93	20	5.82	55.4
351	Cherepovets	38.66	59.13	37.92	RU	63	0	8.41	38.66
352	Durres	68.0	41.32	19.44	AL	94	0	2.24	68.0
353	San Fernando	41.0	-34.58	-70.99	CL	80	90	2.24	41.0
354	Anchorage	58.24	61.22	-149.89	US	44	75	5.82	60.8
355	Sierra Vista	94.68	31.55	-110.3	US	2	75	13.87	96.8
356	Sikandarpur	74.12	26.04	84.05	IN	100	92	8.97	74.12
357	Jiaozuo	74.75	35.21	113.25	CN	43	32	3.15	74.75
358	Jabinyanah	71.6	35.03	10.91	TN	73	20	6.93	71.6
359	Saint-Malo	59.52	48.65	-2.02	FR	87	90	9.17	60.8
360	Roslavl	42.71	53.95	32.86	RU	61	0	5.61	42.71
361	Two Hills	57.38	53.71	-111.75	CA	59	64	11.21	57.38
362	Gigmoto	85.55	13.78	124.39	PH	96	36	4.5	85.55
363	Kuantan	75.2	3.82	103.33	MY	94	75	1.12	75.2
364	Bagotville	61.7	-28.98	153.42	AU	100	0	15.23	61.7
365	Kodar	80.6	16.98	79.97	IN	86	0	3.38	80.6
366	Paveh	54.86	35.05	46.36	IR	62	24	1.7	54.86
367	Olutanga	79.61	7.31	122.85	PH	100	88	6.85	79.61
368	Ponte de Sor	54.32	39.25	-8.01	PT	91	0	8.86	54.32
369	Dingli	69.8	35.86	14.38	MT	83	0	3.36	69.8
370	Bezhanitsy	44.69	56.97	29.88	RU	55	0	5.5	44.69
371	Lawrenceburg	85.51	35.24	-87.33	US	74	1	4.7	87.8
372	Tchollire	77.81	8.4	14.17	CM	77	44	3.94	77.81
373	Chisinau	64.4	47.01	28.86	MD	72	0	2.24	64.4
374	Lenine	71.87	45.3	35.78	UA	84	0	17.25	71.87
375	Stepnyak	54.32	52.83	70.79	KZ	65	56	20.38	54.32
376	Wadena	54.05	51.95	-103.8	CA	98	92	13.0	54.05
377	Manama	86.09	25.33	56.02	AE	44	0	4.7	91.4
378	Barillas	64.4	41.97	-1.66	ES	82	40	3.36	64.4
379	Meiktila	74.57	20.88	95.86	MM	88	88	7.96	74.57
380	Bakchar	48.2	57.02	82.07	RU	99	92	6.96	48.2
381	Maturin	80.6	9.75	-63.18	VE	78	40	8.41	80.6
382	Tizimin	83.48	21.14	-88.15	MX	67	64	8.97	83.48
383	Jackville	80.6	5.21	-4.42	CI	88	20	5.82	80.6
384	Larap	85.46	14.3	122.65	PH	97	48	6.85	85.46
385	Hengyang	67.1	26.89	112.6	CN	100	92	4.72	67.1
386	Autun	57.2	46.95	4.3	FR	93	75	3.36	57.2
387	Rosetown	62.42	51.55	-107.99	CA	58	88	9.42	62.42
388	Kadyy	41.18	57.79	43.19	RU	66	32	16.02	41.18
389	Khandagayty	37.31	50.73	92.07	MN	83	0	2.15	37.31
390	Vengerovo	54.86	55.68	76.74	RU	63	20	16.13	54.86
391	Ashtabula	75.88	41.87	-80.79	US	88	20	3.36	86.0
392	Navahrudak	54.77	53.59	25.82	BY	42	0	9.98	54.77
393	Teseney	72.77	15.11	36.66	ER	93	8	2.93	72.77
394	Dapdap	85.1	14.05	121.57	PH	99	48	6.85	85.1
395	Madinat Sittah Uktubar	75.2	29.82	31.05	EG	73	0	8.05	75.2
396	Lao Cai	69.26	22.48	103.95	VN	92	80	1.81	69.26
397	Hoa Binh	82.4	20.81	105.34	VN	94	75	9.17	82.4
398	Kerouane	73.13	12.23	-12.34	GN	87	8	2.48	73.13
399	Binga	62.51	-17.62	27.34	ZW	88	0	0.13	62.51
400	Krabi	76.53	8.06	98.92	TH	94	20	1.12	78.8
401	Terrak	51.8	65.09	12.37	NO	93	20	8.05	51.8
402	Podor	84.02	16.65	-14.96	MR	38	0	11.99	84.02
403	Ellensburg	59.74	47.0	-120.55	US	39	20	25.28	66.2
404	Chirkey	60.8	42.96	46.98	RU	77	48	8.63	60.8
405	Rognan	50.0	67.1	15.4	NO	93	75	8.05	50.0
406	Uyemskiy	30.2	64.47	40.85	RU	86	20	4.47	30.2
407	Real	86.0	14.67	121.6	PH	79	75	4.7	86.0
408	Luoyang	72.77	34.66	112.42	CN	75	20	4.61	72.77
409	Korcula	66.2	42.96	17.14	HR	82	20	2.24	66.2
410	Rangoon	78.8	16.81	96.16	MM	94	40	3.36	78.8
411	Glasgow	55.89	55.86	-4.24	GB	87	24	5.82	59.0
412	Saravan	59.0	39.72	45.65	AM	82	40	6.93	59.0
413	Elat	70.25	2.91	11.16	CM	97	68	2.15	70.25
414	Asyut	68.63	27.18	31.19	EG	45	0	2.59	68.63
415	Truth or Consequences	93.2	33.13	-107.25	US	6	1	18.34	93.2
416	Sibolga	71.06	1.74	98.78	ID	100	36	2.26	71.06
417	Santa Cruz del Sur	75.65	20.71	-78.0	CU	93	64	4.72	75.65
418	Mehran	66.2	33.12	46.17	IR	42	44	4.7	66.2
419	Bloomfield	86.41	40.75	-92.42	US	43	1	8.97	89.6
420	Vagur	49.82	61.47	-6.81	FO	96	0	13.44	49.82
421	Hesla	75.56	24.07	85.88	IN	97	92	5.17	75.56
422	Puerto del Rosario	66.2	28.5	-13.86	ES	77	75	18.34	66.2
423	El Seibo	82.4	18.76	-69.04	DO	74	40	11.41	82.4
424	Linares	29.48	-35.85	-71.6	CL	71	0	2.15	29.48
425	Prachuap Khiri Khan	75.11	11.81	99.79	TH	85	36	3.6	75.11
426	Bodden Town	84.2	19.28	-81.25	KY	74	20	11.41	84.2
427	Sigli	78.8	5.38	95.96	ID	95	36	4.38	78.8
428	Tayshet	48.74	55.94	98.01	RU	68	88	11.21	48.74
429	Bechem	73.67	7.09	-2.02	GH	92	12	7.4	73.67
430	Southampton	58.1	50.9	-1.4	GB	93	88	2.24	59.0
431	Warrington	63.28	53.39	-2.59	GB	82	20	6.93	64.4
432	Svolvaer	44.87	68.23	14.57	NO	100	92	8.52	44.87
433	Zanesville	79.68	39.94	-82.01	US	74	75	4.61	82.4
434	Santa Isabel	76.42	4.71	-75.1	CO	78	75	3.36	87.8
435	Smiths Falls	78.66	44.9	-76.02	CA	65	1	9.17	80.6
436	Roswell	100.4	33.39	-104.52	US	8	1	16.11	100.4
437	Verkhoturye	37.22	58.86	60.81	RU	88	88	7.07	37.22
438	Uruzgan	45.5	32.93	66.63	AF	52	0	3.71	45.5
439	Ratnagiri	82.67	16.98	73.3	IN	100	36	3.6	82.67
440	Constitucion	91.4	23.99	-104.67	MX	11	90	21.92	91.4
441	Ajaccio	61.27	41.93	8.74	FR	93	12	3.36	66.2
442	Kirchzarten	60.15	47.97	7.96	DE	100	0	2.24	62.6
443	Voyvozh	31.91	62.89	54.96	RU	83	88	18.48	31.91
444	Alamogordo	98.6	32.9	-105.96	US	6	1	13.87	98.6
445	Sukhothai	79.77	17.01	99.82	TH	88	20	2.24	80.6
446	Segezha	38.12	63.74	34.31	RU	73	44	4.16	38.12
447	Ziyang	68.63	30.12	104.65	CN	85	88	4.38	68.63
448	Mbini	77.0	1.58	9.62	GQ	100	75	5.82	77.0
449	Bastrop	91.4	32.78	-91.91	US	52	1	4.7	91.4
